{"cameraMode":{"drawMode":0,"name":"Shaded","section":"Shading Mode"},"sceneLighting":true,"audioPlay":false,"sceneViewState":{"showFog":true,"showMaterialUpdate":false,"showSkybox":true,"showFlares":true,"showImageEffects":true,"showParticleSystems":true},"in2DMode":false,"pivot":{"x":-1.7903718948364258,"y":1.430142879486084,"z":4.810231685638428},"rotation":{"x":0.09819193184375763,"y":0.6672888398170471,"z":0.08940573781728745,"w":-0.7328659296035767},"size":4.219583988189697,"orthographic":false}