{"cameraMode":{"drawMode":0,"name":"Shaded","section":"Shading Mode"},"sceneLighting":true,"audioPlay":false,"sceneViewState":{"showFog":true,"showMaterialUpdate":false,"showSkybox":true,"showFlares":true,"showImageEffects":true,"showParticleSystems":true},"in2DMode":false,"pivot":{"x":-4.47626256942749,"y":1.3319697380065919,"z":6.7382588386535648},"rotation":{"x":-0.03196435421705246,"y":0.5334264636039734,"z":-0.02017856575548649,"w":-0.8450027704238892},"size":7.556360721588135,"orthographic":false}