{"cameraMode":{"drawMode":0,"name":"Shaded","section":"Shading Mode"},"sceneLighting":true,"audioPlay":false,"sceneViewState":{"showFog":true,"showMaterialUpdate":false,"showSkybox":true,"showFlares":true,"showImageEffects":true,"showParticleSystems":true},"in2DMode":false,"pivot":{"x":-0.505937933921814,"y":2.0978832244873049,"z":-4.404329299926758},"rotation":{"x":-0.07468406856060028,"y":0.6998069286346436,"z":-0.07396978884935379,"w":-0.7065593004226685},"size":5.7977752685546879,"orthographic":false}