{"cameraMode":{"drawMode":0,"name":"Shaded","section":"Shading Mode"},"sceneLighting":true,"audioPlay":false,"sceneViewState":{"showFog":true,"showMaterialUpdate":false,"showSkybox":true,"showFlares":true,"showImageEffects":true,"showParticleSystems":true},"in2DMode":false,"pivot":{"x":-69.78221130371094,"y":-78.387939453125,"z":-23.136707305908204},"rotation":{"x":-0.07468406856060028,"y":0.6998069286346436,"z":-0.07396978884935379,"w":-0.7065593004226685},"size":218.42962646484376,"orthographic":false}